Brook rcaz nare chaa Dua.,Brook wants me to go to Oaxaca.,"Brook in Oaxaca, I in Tlacolula.",FL,?,,
Xini bicyu?,He went to the US but he's back now.,,FL,a,,
A bzeny nax.,The chocolate has arrived.,,FL,a,,
Gunyu dispensar a wzhya bzenya.,Excuse me for coming late.,,FL,a,,
A mer yzenye:n ricy.,We'll arrive there soon.,,FL,a,,
A Brook zegwi cuan Janet.,Brook went to visit Janet.,,FL,a,,
Ze ya a Brook chi mna loni.,Brook was going dancing when I saw her.,,FL,a,,
Aisy a ziela Ldua.,Late I'm coming to Oaxaca.,"Felipe in Oaxaca, Carolyn in Amherst",FL,a,,
Aisy a ziedu Ldua.,You're coming to Oaxaca later?,"Felipe in Oaxaca, Carolyn in Amherst",FL,a,,
Aisy a zaa Ldua.,Later I'm coming to Oaxaca.,"Felipe in LA, Carolyn in Amherst.",FL,a,,
Aisy a zeu Ldua e?,You're going to Oaxaca later?,"Felipe in LA, Carolyn in Amherst.",FL,a,,
Carolyn: Zhi a ziedgana liu.,Tomorrow I'm visiting you.,,FL,a,,
Felipe: Zhi a ziedganu naa.,Tomorrow you're coming to see me.,,FL,a,,
Carolyn: Zhi a ziedgan Brook naa.,Brook is coming to see me tomorrow.,"Brook in LA, Felipe and Carolyn in Oaxaca.",FL,a,,
Carolyn: Naa Brook zhi a ziede:ng Ldua.,Brook said that she's coming to Oaxaca tomorrow.,"Brook in LA, Felipe and Carolyn in Oaxaca.",FL,a,,
*Carolyn: Naa Brook a ziede:ng Ldua zhi.,Brook said that she's coming to Oaxaca tomorrow.,"Brook in LA, Felipe and Carolyn in Oaxaca.",FL,a,,
Carolyn: Zhi naa Brook a ziede:ng Ldua.,Brook said that she's coming to Oaxaca tomorrow.,"Brook in LA, Felipe and Carolyn in Oaxaca.",FL,a,,
Carolyn: Ana Arjun betse:ng a ziedgan lae:ng.,Arjun knows his brother is coming to see him (on the way).,"Map 0: Arjun in Amherst, Jishnu in India.",FL,a,,
Ladi a zaa zhi.,I'm going to the US tomorrow.,,FL,a,,
Zhi a zia ladi.,I'm going home/back tomorrow.,,FL,a,,
A gweu Bac e?,Have you been to Tlac?,,FL,a,,
A biedu Ldua teiby e?,Have you been to Oaxaca before?,(come),FL,a,,
Chi bze:ng bziana a zaa.,When my brother arrived I had already left.,,FL,a,,
Zhi a zaa Bac per guicytaga.,Tomorrow I'm going to Tlac but I'll be back (definitely).,,FL,a,,
A zyoe:n.,We're going home (to Tlacolula).,Not different if Brook also lives there.,FL,a,,
Ngaisy wxen a zied Brook re'.,Brook will come here tonight (def).,,FL,a,,
A nis gyied.,The rain is coming (def).,,FL,a,,
*A nis zied.,The rain is coming (def).,,FL,a,,
Zhi a zaa Bac. ,Tomorrow I am going to Tlacolula (certain).,,FL,a,,
Zeu Bac a?,Are you going to Tlacolula?,"Good if you're on their way, you have a reason to think so. You're expecting them to answer yes.",FL,a,,
A zeu Bac?,Are you going to Tlacolula?,"Good if you're on their way, you have a reason to think so. You're expecting them to answer yes.",FL,a,,
A zaa Bac. ,"Yes, I will go.",,FL,a,,
A rsoo choe:n Bac.,Are you coming to Tlac. w/us?,,FL,a,,
Cayuya a xjab xi gawa.,I'm thinking about what to eat.,,FL,a,,
A naa re'.,I'm here.,,FL,a,,
A Brook re'.,Brook is there.,,FL,a,,
Janet a zied re'.,Janet is coming here.,on her way,FL,a,,
A ziedu re' e?,Are you coming here?,on your way,FL,a,,
Zhi a ze Janet Bac.,Tomorrow Janet will go to Tlac.,definitely,FL,a,,
Zhi a zoe:n Bac.,We will go to Tlac. tomorrow,def,FL,a,,
Zhi a zyope:n re'.,We will come here tomorrow.,def,FL,a,,
Mnalaz Arjun betse:ng a ziedgan lae:ng.,Arjun remembered his brother is coming to visit him (on his way),Us with Arjun in Amherst,FL,a,,
Rzilaz Arjun betse:ng a ziedgan lae:ng.,Arjun believes that his brother is coming to visit him (on his way),Us with Arjun  ,FL,a,,
Rlo Arjun betse:ng a ziedgan lae:ng.,Arjun thinks his brother is on the way.,Us with Arjun  ,FL,a,,
Ae:ng ze ladi per daru gyie:ng.,He already went to the states but he's coming back.,,FL,a,,
Ae:ng zesi guetxtily.,He is going to buy bread.,,FL,a,,
Ae:ng zesi.,She went to buy something.,,FL,a,,
Ae:ng zedyen.,She went to buy something.,,FL,a,,
Chi bzena ricy a ze bzana.,When I arrived there my brother had already left.,,RL,a,1,
Chi bzena ricy a zee:ng.,When I arrived there he had already left.,,RL,a,1,
Chi bzenya rdo a zee:ng.,"When I came to the church, he had already left.",,RL,a,1,
Chi bzenyeng naa a zaa.,When my brother arrived I had already gone.,,RL,a,1,X
Chi bzenyeng naa a zia.,When my brother arrived I had already gone home.,,RL,a,1,X
Chi ? nisgyia ana deib? a bzenya lo gex.,When the rain stopped I had already arrived in San Lucas (the pueblo).,,RL,a,1,X
"Lieb bied lo gyia, chi nu a ricy.","When I was at the market, Felipe came there.",,RL,a,1,
"A bied Bac bizana lo gex, per ady zenya chicy.","My brother came here, but I hadn't arrived yet.","Listener in Oaxaca, speaker in Tlac.",RL,a,1,
Chiby a de bzenya aldi nua chicy. ,My brother came her when I was in the US.,"Listener in Oaxaca, speaker in Tlac.",RL,a,1,X
Logyia biedcan a bziana naa.,My brother came to see me at the market.,,RL,a,1,
A bizana gwenia Ldua.,My brother came/went with me to Oaxaca,I'm not in Oaxaca. ,RL,a,1,
A bizana biednia Ldua.,My brother came/went with me to Oaxaca,I'm in Oaxaca.,RL,a,1,
*A bizana biednia Ldua.,My brother came/went with me to Oaxaca,I'm not in Oaxaca. ,RL,a,1,
Cheib zen nisgyia a ze Lieb Bac.,"When the rain arrived, Felipe had already left for Tlac.",,RL,a,1,
Cheib zen nisgyia a ze:ng Bac.,"When the rain arrived, he had already left for Tlac.",,RL,a,1,
A zia.,I'm on my way home.,,RL,a,2,
Zhi a zia liaza.,I'm going home tomorrow.,,RL,a,2,
Zhi a ziana lo gex giedgwaa lo. ,I'm coming to see you tomorrow.,"Speaker in Tlac, listener in SL.",RL,a,2,X
Mes naa a zia Bed.,The teacher thinks that Pedro has left.,,RL,a,2,
A nax a bzeny.,?,,RL,a,2,X
Guc a bzenyu?,?,,RL,a,2,X
Zhi a zaa.,I will leave tomorrow.,,RL,a,2,
Gwana zhi a zaa.,I will leave tomorrow.,non-def,RL,a,2,
"Salon cuan primer es chicygwen mercw, primer chicygwen primer chicy a bzenyza Ldua",The first day... Felipe arrived in Oaxaca.,,FLN,a,,
A lun xop chicgwen byoyeneng rany in scwel CETIS 124.,On Monday went to CETIS.,,FLN,a,,
A byon ze andre rcaz xon rsil chedu bzenye:ng n Bac zicy yegaga?,Something about arriving in Tlacolula.,,FLN,a,,
A bicy in Ldua rcateiby rcatyop.,Return to Oaxaca?,,FLN,a,,
Merc a schon chicygwen chicy ratemta zhi byon tula byon Bac chiru ? teiby.,Wednesday,,FLN,a,,
Gasor telamaen a ric byon ratan ? ratane:ng ra estudiante Brook.,,,FLN,a,,
"Caty rsil, ric a byen Yagul byon tebrate chiru byopen Ldua bicyene.",Went to Yagul before returning to Oaxaca,,FLN,a,,
Zhi ya a ze estudian xten Brook tula xquia per na queity a chaa.,Tomorrow the students and Brook are but I'm not going,,FLN,a,,
A dano ziyopen nisyu.,We're on the road.,nisyu = camino,AM,a,,
Gwaa Bac a nai.,I went to Tlacolula yesterday.,,AM,a,,
Lia Glo cuan Bed gwe Bac a nai.,Gloria and Pedro went to Tlacolula yesterday.,,AM,a,,
xtadmama a bzen estados unidos.,My grandfather arrived in the US.,,AM,a,,
A bzenya  ,I arrived.,,AM,a,,
Byala de US a nai.,I came from the US yesterday.,,AM,a,,
Zhi a zoe:n.,We'll leave tomorrow.,,FL,a ,,
"Chi zoe:n cafe, a bria cafe.","When we were on our way, Nick had already left.",Both a's necessary,FL,a ,,
A Brook ze Bac aisy wxiny gyicye:ng.,Brook went to Tlacolula this morning and is coming back tonight.,Could be on her way or already arrived.,FL,a ,,
Ae:ng a zecudyag musc.,He's on his way to hear music.,,FL,aa,,
Ae:ng ze Bac aisy a bicye:ng,"She went to Tlac., she'll be back later.",,FL,aa,,
Brook gwe Bac ae:ng a bicy.,Brook went to Tlac and/but she's back.,worse,FL,aa,,
Gwe Brook Bac (per) ae:ng a bicy.,Brook went to Tlac and/but she's back.,better,FL,aa,,
Rrilo mes a Bed a ze.,The teacher thinks that Pedro has left.,,FL,aa,,
Rrilo mes a Bed a bria.,The teacher thinks that Pedro has left.,(a defined space),FL,aa,,
A Bed a bria scwel.,Pedro has dropped out.,,FL,aa,,
"Chi bzenye:n cafe, a Nick a ze.","When we came to the cafe, Nick had already left.",Both a's necessary,FL,aa,,
"Chi zoe:n cafe, a Nick a ze.","When we were on our way, Nick had already left.",Both a's necessary,FL,aa,,
Chi bze:nya ricy a bziana a ze.,When I arrived there my brother had already left.,,FL,aa,,
A Brook ze Bac aisy wxiny a bicye:ng.,"Brook went to Tlacolula this morning, but she'll be back tonight.",Point of sentence is that she's coming back.,FL,aa,,
A naa a zaa Bac per ngaisy a bicya.,I'm on my way to Tlac but I'll be back.,,FL,aa,,
A danoe:n re' chileu a Brook ree.,We are here but Brook is there.,,FL,aa,,
Mnalaz Arjun a betse:ng a ziegan lae:ng.,Arjun remembered his brother is coming to visit him (on his way),Us not with Arjun,FL,aa,,
Rilo Arjun a betse:ng a zegan lae:ng.,Arjun thinks his brother is on the way.,Us not with Arjun,FL,aa,,
Chiby bzenya liaza a Lieb a nu ricy.,"When I arrived at my house, Felipe was already there.",,RL,aa,1,
Chiby bzenya liaza ae:ng a nu ricy.,"When I arrived at my house, he was already there.",,RL,aa,1,
A zaa chaa Bac chiru a ziala.,I'm going to Tlac and then I'll be back.,,RL,aa,1,
A zaa Bac cheib a bles nisgyia.,I had left for Tlac. when the rain stopped. ,,RL,aa,1,
byoe:n naxgia a zic a bria? byoganeng a teiby rrady stacion a rrady tula ni lash seshgia uas ric ga brian byoe:n Tule,Going to the radio station and then Tule,,FLN,aa,,
Ricy byoduawen a teiby restauran per ni restauran a chiru teiby restauran.,Went and ate at restaurant in Tule,,FLN,aa,,
Ae:ng a cazen re'.,She is arriving here.,,AM,aa,,
Ladi zee:ng.,He went to the States.,,FL,,,
Zee:ng ladi per daru gyie:ng.,He's on his way to the states but he's coming back.,Feels that he's not yet arrived.,FL,,,
Zee:ng ladi e?,Did he go to the states?,Could be either on the way or in the States. A yes would just mean that he left.,FL,,,
Rata zhi ricy Jwany ricy.,Juan returns there everyday.,,FL,,,
Jwany ricy ricy rata zhi.,Juan returns there everyday.,,FL,,,
*Rata zhi ricy ricy Jwany.,Juan returns there everyday.,,FL,,,
Bicye:ng Ndua.,We returned to Oaxaca.,,FL,,,
Lo july gicya Ndua.,I will return to Oaxaca in July.,,FL,,,
Lo july gicynia Brook Ndua.,I will return to Oaxaca with Brook in July.,,FL,,,
Brook gicynia Ldua lo july.,I will return to Oaxaca with Brook in July.,,FL,,,
Gicynia Brook Ldua lo july.,I will return to Oaxaca with Brook in July.,,FL,,,
*Ne Brook gicya Ldua lo july.,I will return to Oaxaca with Brook in July.,,FL,,,
Ne Brook gicynia Ldua lo july.,I will return to Oaxaca with Brook in July.,,FL,,,
Ne Brook gicy Ldua lo july.,I will return to Oaxaca with Brook in July.,,FL,,,
Na par byicye:ng Ndua.,We had to return to Oaxaca.,,FL,,,
Xini bicyu?,Why did you return?,,FL,,,
rzeny,arrive,,FL,,,
cazenye:ng,He's arriving right now.,,FL,,,
Bzenye:ng mer chicy.,He arrived right then.,,FL,,,
Bzenye:ng chicybag.,He arrived right then.,,FL,,,
Chicybag bzenye:ng.,He arrived right then.,,FL,,,
Briaa Ldua.,I left Oaxaca.,,FL,,,
Bduxman bzenya.,I arrived a week ago.,,FL,,,
Bzenya bduxman.,I arrived a week ago.,,FL,,,
Zhi yzenye:ng ricy.,He will arrive there tomorrow.,,FL,,,
Primer xchi july briaa ladi.,I left the US on July 1st.,,FL,,,
Rata rsily rityug Lia Petr gyia.,Every morning Petra goes to cut flowers.,,FL,,,
Brook zesi guetxtily.,Brook went to buy bread.,In answer to someone looking for the person.,FL,,,
Zesie:ng guetxtily.,She was going to buy bread.,,FL,,,
Nai mna lo Janet. Zee:ng zecudyage:ng musc.,Yesterday I saw Janet. She was on her way to listen to music.,,FL,,,
Zaa scwel chi mna loe:ng.,I was on my way to school when I saw her.,,FL,,,
Brook zesi lady Bac chi bzhiny xcoche:ng.,Brook was buying clothes in Tlac but her car 'got scratched' (broke down).,,FL,,,
Mnitya chi zegana Janet.,I got lost on my way to Janet.,,FL,,,
Zesire:ng chi bzeny nsia.,They were going to the market when the rain arrived.,,FL,,,
Zoe:n chi cwebe:n nys chi bzeny nysgyia.,We were on our way to mount the water (bath/swim) when the rain arrived.,,FL,,,
Zoe:n chigyie:n.,We will surely go and dance.,,FL,,,
Zegyae:ng.,She will definitely go and dance.,,FL,,,
Rata zhi ricwuae:n gyi rrady.,Every day we go and turn on the radio.,,FL,,,
Rata rsily rinya ni yquiny xnana.,Every day I go and bring my mom breakfast.,,FL,,,
Rata zhi rinya rsily yquiny xnana.,Every day I go and bring my mom breakfast.,,FL,,,
Ndua ze Brook.,Brook went to Oaxaca.,"could be on her way, could be in Oaxaca, could be on her way back",FL,,,
Ndua gwe Brook.,Brook went to Oaxaca and back.,,FL,,,
Ndua zen dez Brook.,Brook left to move to Oaxaca.,,FL,,,
Ndua ze Brook chibxi' xucarni.,Brook was on her way to Oaxaca when her car broke down.,,FL,,,
Lo gyia ze Brook chi una loni.,Brook was on her way to the market when I saw her.,,FL,,,
Gal ria ze Brook chi na loni.,Brook was going to a dance when I saw her.,,FL,,,
Brook caya.,Brook is dancing.,,FL,,,
Caya Brook.,Brook is dancing.,,FL,,,
Brook zeya chi mna loni.,Brook was going dancing when I saw her.,,FL,,,
Ze yo zacu e?,Are you also going dancing?,,FL,,,
Gal ria za chu e?,Are you going to the dance too?,,FL,,,
Brook rcaz che Ldua.,Brook wants to go to Oaxaca.,,FL,,,
Brook rcaz gued zunni.,Brook wants to come to Tlacochuaya.,,FL,,,
Rcaza Brook gued zunni.,I want Brook to come to Tlacochuhuaya.,,FL,,,
Ndua chaa zhi.,I'm going to Oaxaca tomorrow.,,FL,,,
Ndua chaa zhi chi na liu.,I'm going to Oaxaca tomorrow to see you.,,FL,,,
Zunni giedu gednu nare e?,You're coming to Tlacochuhuaya to see me?,,FL,,,
Rcaza gied Brook zunni te getna nare'.,I want Brook to come to Tlacochuhuaya to see me.,,FL,,,
Queity gwadya liazu.,I didn't come to your house.,not at the house,FL,,,
Queity niadya liazu.,I didn't come to your house.,not at the house,FL,,,
Queity bialdya liazu.,I didn't come to your house (we're now at the house).,,FL,,,
Zebugu Ldua e?,You're really going to Oaxaca?,"Felipe in LA, Carolyn in Amherst.",FL,,,
Zobege:n Ldua e?,We're really going to Oaxaca?,"Felipe in LA, Carolyn in Amherst.",FL,,,
Ziedu Ldua e?,Will you come to Oaxaca?,If I'm about to go and I ask Felipe if he's coming,FL,,,
To choe:n Ldua!,Let's go to Oaxaca!,neither in Oaxaca,FL,,,
"Chi nua cafe, bied Brook ricy.","When I was at the cafe, Brook came there.",,FL,,,
"Chi nua cafe, bzen Brook ricy.","When I was at the cafe, Brook came there.",,FL,,,
Nai gugan Brook Janet liazni.,Yesterday Brook visited Janet at her house.,Janet's,FL,,,
"Chi nu Janet bibliotec, bzen Brook.","When Janet was at the library, Brook went there.",,FL,,,
"Chi nu Janet bibliotec, gwe Brook.","When Janet was at the library, Brook went there.",,FL,,,
"Nai chi nua logyia, biedzi Brook teiby tapet.","Yesterday when I was at the market, Brook came to buy a rug.",,FL,,,
Zhi chigana Janet Bibliotec.,Tomorrow I'm going to see Janet at the library.,,FL,,,
Gugan May Jaime Bac nai.,May came to see Jaime in Tlac. yesterday.,,FL,,,
Biedgan May naa Bac nai.,May came to see me in Tlac. yesterday.,,FL,,,
Rzilaz May Los Angeli gugan Janet lae:ng per San Franciscwi.,"May thinks Janet visited her in Los Angeli, but it was really SF.",,FL,,,
Rzilaza Los Angeli biedgan Janet naa per San Franciscwi.,I thought Janet visited me in LA but it was really SF.,,FL,,,
Felipe: Rcaza giedu Ldua.,I want you to come to Oaxaca.,"Felipe in Oaxaca, Carolyn in LA",FL,,,
Carolyn: Rcaza giedu LA.,I want you to come to LA.,"Felipe in Oaxaca, Carolyn in LA",FL,,,
Felipe: Rcaza gyiela LA.,I want to come to LA.,"Felipe in Oaxaca, Carolyn in LA",FL,,,
Felipe: Rcaza chaa SF.,I want to go to SF.,"Felipe in Oaxaca, Carolyn in LA",FL,,,
Rcaza gyiedgana liu.,I want to come to visit you.,,FL,,,
Rcaza chigana lae:ng.,I want to visit him.,"Nick in Seattle, not in conversation.",FL,,,
Carolyn: Rcaz Brook chigana lae:ng Los Angeli zhi.,Brook wants me to come visit her in LA tomorrow.,"Brook in LA, Felipe and Carolyn in Oaxaca.",FL,,,
Carolyn: Rcaza gied Brook Ldua zhi.,I want Brook to come to Oaxaca tomorrow.,"Brook in LA, Felipe and Carolyn in Oaxaca.",FL,,,
Carolyn: Rcaza chaa LA chigana Brook zhi.,I want to go to LA to see Brook tomorrow.,"Brook in LA, Felipe and Carolyn in Oaxaca.",FL,,,
Carolyn: Rcaz Brook giedgan naa zhi.,Brook wants to come visit me tomorrow.,"Brook in LA, Felipe and Carolyn in Oaxaca.",FL,,,
Carolyn: Rilo Arjun betse:ng Jishnu ziganlae:ng Amherst.,Arjun thinks his brother Jishnu is coming to see him in Amherst.,"Map 0: Arjun in Amherst, Jishnu in India.",FL,,,
Carolyn: Bets Arjun chigan lae:ng ,Arjun's brother is coming to see him.,"Map 0: Arjun in Amherst, Jishnu in India.",FL,,,
Carolyn: Nuchi naa Arjun betse:ng chiganlae:ng.,Last night Arjun said that his brother is coming to visit him (in the future).,"Map 0: Arjun in Amherst, Jishnu in India.",FL,,,
Carolyn: Nuchi naa Arjun betse:ng zeganlae:ng.,"Last night Arjun said that his brother is coming to visit him (in the future, definite).","Map 0: Arjun in Amherst, Jishnu in India.",FL,,,
Carolyn: Rcaz Arjun chigan betse:ng lae:ng.,Arjun wants his brother to come see him.,"Map 0: Arjun in Amherst, Jishnu in India.",FL,,,
Rsoo choe:n Bac e?,Are you going to come to Tlac?,,FL,,,
Bac chieu e?,Are you going to Tlac?,,FL,,,
Buny ladi naa.,I'm from the States.,,FL,,,
Ladi ziala.,I'm coming from the States.,not necessarily from the States (not homebase),FL,,,
Cali zoo?,Where did you come from?,,FL,,,
Ladi ziala.,I came from the states.,,FL,,,
Ladi zaa.,I came from the states.,,FL,,,
Nai bzeinya zaa ladi.,I came from the States yesterday.,,FL,,,
Ladi chaa zhi.,I'm going to the US tomorrow.,,FL,,,
Zhi gicya ladi.,Tomorrow I'm returning to the States.,,FL,,,
Riope:n re'.,We come here every day.,,FL,,,
Biedgenya zeiny re' tempran.,I came to work early here today.,,FL,,,
Gugenya zeiny tempran.,I went to work early.,,FL,,,
Biedu liaza tempran.,You came to my house early.,,FL,,,
Queity bieldya liazu.,I didn't come to your house.,,FL,,,
Caria liaza.,I wasn't at home.,,FL,,,
Queity guwadya liaza.,I wasn't at home.,,FL,,,
Biedu liaza ba rsily per queitdya chicy.,You came to my home but I wasn't there.,,FL,,,
Queity nyeddyi betsa Ldua.,My brother didn't come to Oaxaca.,,FL,,,
Queity nyed nyedyia betsa Ldua.,I didn't bring my brother.,,FL,,,
Biednia betsa Ldua.,My brother came with me to Oaxaca.,I'm in Oaxaca.,FL,,,
Gunia betsa Ldua.,I took my brother to Oaxaca (if I'm in Oaxaca).,,FL,,,
Ne betsa bunya Ldua.,My brother went to Oaxaca with me.,if I'm in Tlac.,FL,,,
Ne betsa biednia Ldua.,I came with my brother to Oaxaca.,"if I'm in Oaxaca, bro is not with me.",FL,,,
*Biednia ne betsa Ldua.,I came with my brother to Oaxaca.,,FL,,,
Biedne Juany betsni Ldua.,Juan brought his brother to Oaxaca.,,FL,,,
Gune Juany betsni Ldua.,Juan brought his brother to Oaxaca.,I'm not in Oaxaca.,FL,,,
Zene Juany betsni Ldua.,Juan brought his brother to Oaxaca.,"Juan and brother in Oaxaca, probably still there, we're in Tlacolula. ",FL,,,
Gune Juany betsni Ldua.,Juan brought his brother to Oaxaca.,"Juan and brother in Oaxaca, probably have returned home, we're in Tlacolula.",FL,,,
Teegwag adya chaa Bac.,I've never been there.,,FL,,,
Teegwag adya gyala re'.,"No, I have never been here before.",,FL,,,
Guxman nia byala re'.,Last week I walked here.,,FL,,,
Guxman nia bdeidya re'.,Last week I walked by here.,,FL,,,
Chi mnaa lo yu re' yu dats nae:ng.,When I saw this building it was empty.,,FL,,,
Caria tu chu re' chicy.,No one was here then.,,FL,,,
Styop schon zhi chaa Ldua.,"In a few days, I will go to Oaxaca.",,FL,,,
Nugu' re' styop schon zhi e?,Will you still be here in a few days?,,FL,,,
Nuu re' zhi e?,Will you be here tomorrow?,,FL,,,
Bied bziana re'.,My brother came here (I'm in Oaxaca).,,FL,,,
Gwe bziana Ldua.,My brother went to Oaxaca.,I'm not in Oaxaca.,FL,,,
Bzu gai laty rtore:ng cafe tyob or.,I sat in a cafe for two hours.,,FL,,,
Rnalaz Jwany mes.,Juan remembers the teacher.,,FL,,,
Rnalaz Jwany biab niesgyia.,Juan remembers that it rained.,,FL,,,
Na Brook ryulaza becw.,"Brook says, ""I like dogs.""",happens in narratives,FL,,,
Na Brook ryulaze:ng becw.,Brook says she likes dogs.,,FL,,,
Na Brook ryulaz Brook becw.,Brook says she likes dogs.,,FL,,,
*Na Brook ryulazni becw.,Brook says she likes dogs.,,FL,,,
"Na Brook ryulaza becw, na Brook.",Brook says she likes dogs.,not Felipe's style but possible,FL,,,
Mnalaza xii na Brook nai.,I remember what Brook said yesterday.,,FL,,,
Mnalaza xii na Brook naa nai.,I remember what Brook said to me yesterday.,,FL,,,
Mnalaza xii mni Brook naa nai.,I remember what Brook told me yesterday.,,FL,,,
Mnalaza xii mnudizh Brook naa nai.,"I remember, what Brook asked me yesterday.",,FL,,,
Nae:ng xi gau.,"She said ""what are you going to eat?""",,FL,,,
Mnudizhe:ng xi gau.,"She asked me ""what are you going to eat?""",,FL,,,
Xi gau nae:ng.,"""What are you going to eat?"" she said.",,FL,,,
Brook na xi gaua.,Brook asked what am I/is she going to eat.,,FL,,,
Xi gaua na Brook.,Brook asked what am I/is she going to eat.,,FL,,,
Zhi chaa Bac per guicytaga.,Tomorrow I'm going to Tlac but I'll be back (not def).,,FL,,,
Chaa ladi chiru gicya cha beu.,I'm going to the States but I'll be back at the end of the month.,,FL,,,
Byue:n lanynyu. ,We went into a building (stomach of the house).,,FL,,,
Byutye:n lanynyu.,We entered a building.,,FL,,,
Ria buny scwel rata zhi.,One goes to school everyday.,,FL,,,
Juany ria scwel rata zhi.,Juan goes to school everyday.,,FL,,,
Rata zhi Juany ria scwel.,Juan goes to school everyday.,,FL,,,
Riaa logyia rata zhi.,I go to the market every day.,,FL,,,
Chiu Bac rata zhi.,You'll go to Tlac.,,FL,,,
Zeu Bac.,You will definitely go to Tlac.,,FL,,,
Bac nadizh chaa.,I'm supposed to go to Tlac.,"good if I'm on my way or if I never left, also good if I'm broken down on the way and I'm trying to tell someone where I am",FL,,,
Baque:ng nadizh chaa.,I'm supposed to go to Tlac.,"good if I'm on my way or if I never left, also good if I'm broken down on the way and I'm trying to tell someone where I am",FL,,,
Nadizh chie:ng Mejy.,He was going to Mejy but he missed his bus.,,FL,,,
Mejy na dizh chie:ng.,He was going to Mejy but he missed his bus.,,FL,,,
Nadizh Mitla chaa.,I was planning on going to Mitla but I changed my mind.,,FL,,,
Cali chiu?,Where are you going?,,FL,,,
Cali chie:ng?,Where is she going?,,FL,,,
Brook chia lo gyia.,Brook is going to the market.,,FL,,,
Chia Brook lo gyia.,Brook is going to the market.,,FL,,,
Brook zied re'.,Brook is coming here.,,FL,,,
*Brook zied re.,Brook is coming there.,,FL,,,
Brook ze re.,Brook is going there.,,FL,,,
*Brook ze re'.,Brook is going here.,,FL,,,
Ze Brook re.,Brook is going there.,,FL,,,
Zoe:n lo gyia.,We're going to the market (we're on the way).,,FL,,,
Zoe:n Bac.,We're going to tlacolula.,,FL,,,
Zyoe:n Bac.,We're going to Tlacolula (home).,,FL,,,
Zoe:n lo gyia ngaisy wxiny.,We will go to the market tonight.,,FL,,,
Ngaisy wxen gyied Brook re'.,Brook will come here tonight (not def).,,FL,,,
Zhi chaa Bac.,Tomorrow I am going to Tlacolula (not certain).,,FL,,,
Cali gweu?,Where did you go?,,FL,,,
Cali canzoo?,Where have you been?,,FL,,,
Cali zoo?,Where are you coming from?,,FL,,,
Gwaa mandad.,I went on an errand.,,FL,,,
Lo gyia zaa.,I came from the market.,,FL,,,
Gwaa lo gyia.,I went to the market.,,FL,,,
Nai gwaa Bac.,I went to Tlacolula yesterday.,,FL,,,
Nai gue:n Brook byoe:n Bac nai.,Brook and I went to Tlacolula yesterday,can delete either nai,FL,,,
Jaime cuan Marcus gure:ng Bac.,Jaime and Marcus went to Bac.,,FL,,,
Brook gwe ricy.,Brook went there.,,FL,,,
Gweu Bac nai.,You went to Tlac. yesterday.,,FL,,,
Gweu Bac nai e?,Did you go to Tlac. yesterday?,,FL,,,
*Gweu Bac e nai?,Did you go to Tlac. yesterday?,,FL,,,
Ajy nai gwaa Bac.,"Yes, I went to Tlac. yesterday.",,FL,,,
Teegwag queity gwaadya Bac nai.,No I didn't go to Tlac.,,FL,,,
Lare:ng gwere:ng Bac.,They went to Tlac.,,FL,,,
Byore:ng lae:ng scwel.,We went into the school.,,FL,,,
Byu zhyet lainy caj.,The cat went into/ entered the box.,,FL,,,
Queity biedyi Brook re' nuchi.,Brook didn't come here last night.,,FL,,,
Queity gwedyi Brook Bac nai.,Brook didn't go to Tlac. yesterday.,,FL,,,
Queity gwedyi Brook ricy nai.,Brook didn't go there yesterday.,,FL,,,
*Queity Brook gwedyi.,Brook didn't go there yesterday.,,FL,,,
*Queity ricy gwedyi Brook queity.,Brook didn't go there yesterday.,,FL,,,
Ajy zaa Bac.,"Yes, I will go.",,FL,,,
"Yac, queitydya chaa Bac.","No, I'm not going to Tlaco.",,FL,,,
Rgwia dizhsa.,I speak Zapotec.,,FL,,,
Cagyunya xjab.,I'm thinking.,,FL,,,
Tu canineu?,Who are you talking to?,,FL,,,
Liu caninia,I'm speaking to you.,,FL,,,
Xi xjabag runyu?,What are you thinking about?,,FL,,,
Cayunya xjab xi e nu dizha steby.,I'm thinking about what another question is.,,FL,,,
Calieb bgoo,Where did you get caught?,,FL,,,
nai,yesterday,,FL,,,
nai guc domingw,Yesterday was Sunday,,FL,,,
zhi,tomorrow,,FL,,,
nazhi,today,,FL,,,
nazhi na luny,today is monday,,FL,,,
zhi gac/na marty,tomorrow is Tuesday,,FL,,,
mba rsily,earlier today,,FL,,,
mba  ,earlier  ,,FL,,,
Nia ziala.,I came by foot.,,FL,,,
Biednia nigawa re',I brought what I'm going to eat here.,,FL,,,
Bxunyu camiuny bzie:nyu re'.,You drove here.,,FL,,,
Nana cayab nsigyia.,I know that it's raining.,,FL,,,
Nana queity cayabdyi nsigyia.,I know that it's not raining.,,FL,,,
Queity nandya o cayab nsigyia.,I don't know if it's raining.,,FL,,,
Rrilua cayab nsigyia.,I think it's raining.,,FL,,,
Rriloe:ng cayab nsigyia. ,He thinks it's raining.,,FL,,,
Cadia lo bizh.,There's no sunshine.,,FL,,,
Cadia lo wbizh.,It's sunny.,,FL,,,
Rrilo(l)e:ng caria lo wbizh per cadia lo wbizh.,,,FL,,,
Nane:ng caria lo wbizh per cadia lo wbizh.,,"Doesn't make sense, but it's grammatical",FL,,,
Nae:ng cayab nsigyia per cariainy,He said it's raining but it's not raining,rain is reverential,FL,,,
nas,the day before yesterday,,FL,,,
guzh,the day after tomorrow,,FL,,,
xman,week,,FL,,,
xior hora,what time?,,FL,,,
lat,place,,FL,,,
nuchi,last night,,FL,,,
nuchi nas wxiny,2 nights ago,,FL,,,
guzh wxiny,2 nights from now,,FL,,,
rsily,morning,,FL,,,
laizh,midday,,FL,,,
wzhi,afternoon,,FL,,,
wxiny,night,,FL,,,
bduxman,last week,,FL,,,
na,now,,FL,,,
ngaisy,later,,FL,,,
yraguel,the next day,,FL,,,
,the day before (no word),,FL,,,
mni,say,,FL,,,
laing rnie:ng,he says,,FL,,,
stuxman,next week,,FL,,,
stubeo,next month,,FL,,,
beowya,last month,,FL,,,
rnalaze:ng,he remembers,,FL,,,
rinydilaze:ng,he believes,,FL,,,
rcaze:ng,he wants,,FL,,,
nane:ng,he knows,,FL,,,
rnine:ng Brook,he talks with Brook (he's courting Brook),,FL,,,
rgwe:ng dizhsa,He speaks Zapotec,,FL,,,
rgwe:ng dizhsa que:n Brook.,He speaks Zapotec w/Brook,,FL,,,
*Rgwe:ng que:n Brook.,He speaks with Brook.,,FL,,,
Rgwere:ng dizh.,They're talking.,,FL,,,
iaz,year,,FL,,,
stubiaz,next year,,FL,,,
bduiaz ,last year,,FL,,,
iaz wgyia,the year that's finished,,FL,,,
Riedu lo gyia rata zhi e?,You come to the market every day?,,FL,,,
Riede:ng liaza rata rsily.,He comes to my house every morning.,,FL,,,
Riu scwel rata zhi.,You go to school every day.,,FL,,,
Ryoe:n lo gyia rata zhi.,We go to the market every day.,,FL,,,
Zhi cho:en Bac.,We will go to Tlac. tomorrow,not def,FL,,,
Zhi gyope:n re'.,We will come here tomorrow.,not def,FL,,,
Rzilaz May los angeli gugan Janet lae:ng.,May thinks Janet visited her in LA.,"May in SF, thinks she's in LA, us in Oaxaca",FL,,,
*Rzilaz May los angeli giedgan Janet lae:ng.,May thinks Janet visited her in LA.,"May in SF, thinks she's in LA, us in Oaxaca",FL,,,
Rcaz Arjun chigan betse:ng lae:ng.,Arjun wants his brother to visit him.,"Us in Oaxaca, Arjun in Amherst",FL,,,
Rcaz Arjun giedgan betse:ng lae:ng.,Arjun wants his brother to visit him.,Us with Arjun in Amherst,FL,,,
Mnalaz Arjun betse:ng giedgan lae:ng.,Arjun remembered his brother is coming to visit him (not on his way),Us with Arjun in Amherst,FL,,,
Mnalaz Arjun chigan betse:ng lae:ng.,Arjun remembered his brother is coming to visit him (not on his way),Us not with Arjun,FL,,,
Rrzilaz Arjun zegan betse:ng lae:ng.,Arjun believes that his brother is coming to visit him (on his way),Us not with Arjun; wouldn't use believe if he was actually on his way,FL,,,
Rzilaz Arjun zegan betse:ng lae:ng lo octubr.,Arjun believes that his brother will visit him in october.,Us not with Arjun,FL,,,
Rzilaz Arjun ziedgan betse:ng lae:ng.,Arjun believes that his brother will definitely visit him.,Us with Arjun  ,FL,,,
Rzilaz Arjun giedgan betse:ng lae:ng.,Arjun believes that his brother will visit him (uncertain),Us with Arjun  ,FL,,,
Rlo Arjun betse:ng ziedgan lae:ng.,Arjun thinks his brother will definitely come,Us with Arjun  ,FL,,,
Rlo Arjun betse:ng giedgan betse:ng lae:ng.,Arjun thinks his brother will come (not certain),Us with Arjun  ,FL,,,
Rlo Arjun zegan betse:ng lae:ng.,Arjun thinks his brother will definitely come.,Us not with Arjun,FL,,,
Rlo Arjun chigan betse:ng lae:ng.,Arjun thinks his brother will come (not certain),Us not with Arjun,FL,,,
Queity bieddyi Brook liaza ba rsily.,Brook didn't come to my house this morning.,I'm home.,FL,,,
Quiety gwedyi Brook liaza ba rsily.,Brook didn't come to my house this morning.,I'm not home.,FL,,,
Queity gwedyi Brook liazu ba rsily.,Brook didn't come to your house this morning.,"I'm home, you're home",FL,,,
Queity bieddyi Brook liazu ba rsily.,Brook didn't come to your house this morning.,We're at your house,FL,,,
Queity gwedyi Brook liazu ba rsily.,Brook didn't come to your house this morning.,Neither of us home,FL,,,
*Zhi chi Janet gana.,,,FL,,,
Bac chaa. ,I'm on my way to Bac but I'll be back later (going to leave in future),,RL,,1,
A naa zaa Bac.,I'm on my way to Bac but I'll be back later (on my way).,,RL,,1,
Yu bru? biedu liaza nazhi. ,You came to my house early today.,,RL,,1,X
Queitynu nuadya yu bia zaa.,I wasn't home when you came.,,RL,,1,X
Queidy bialdya liazu.,I didn't come to your house.,Good regardless of where speaker is.,RL,,1,X
Chi nu lo gyia bied Lieb ricy.,"When I was at the market, Felipe came there.",,RL,,1,
A zia La Ndua.,I'm coming to Oaxaca later. ,"Listener in Oaxaca, speaker in Tlac.",RL,,1,
"Chi nua yu nai, biedran Lieb na. ","While I was home, Felipe came to visit me.",,RL,,1,
Biedzi Lieb teiby ____. ,Felipe came to buy a ____ (while I was in Tlac),,RL,,1,
Juan ze Nort.,Juan went to the US.,,RL,,1,
Gwe:ng Nort.,He went to the US but he's back now.,,RL,,1,
Bac choe:n. ,We're going to go to Tlac.,,RL,,1,
Bac zoe:n.,We're on our way to Tlac.,,RL,,1,
Zhi yab nisgya. ,It's definitely going to rain. ,,RL,,1,
Zhi ziab nisgya.,It might rain.,,RL,,1,
Zec na Lieb naz abzhin yab nisgya.,Felipe says it will rain tonight.,,RL,,1,X
Nai byab nisgyia.,It rained yesterday.,,RL,,1,
Ne bizana biednia lo gyia.,My brother came w/me to the market.,I'm at the market.,RL,,2,
Ne bizana gwenia lo gyia.,My brother came w/me to the market.,I'm not at the market.,RL,,2,
Abzhin ne bzenya nuchi.,He came home late last night.,,RL,,2,X
Gwaa liaz Lieb.,I went to Felipe's house.,,RL,,2,X
Chia gwen lox  nana.,He's going to visit his mother.,,RL,,2,X
Zhi giedu Bac giedgwaa lo.,Tomorrow you're coming to see me.,"Speaker in Tlac, listener in SL.",RL,,2,
A bzen lo nisgyia.,The rain has arrived.,,RL,,2,
Queity rcazdya yab nisgyia.,I don't want it to rain.,,RL,,2,
Nai abia Nort.,I left the US yesterday.,,RL,,2,X
Stub biez gied lo gex steiby.,I wil return to Oaxaca next summer.,,RL,,2,X
Steiby hora bzenya.,He's going to arrive in an hour.,,RL,,2,X
Ze gwe bets Lieb lo Lieb.,Felipe's brother is coming to see him.,*come,RL,,2,
Nai guhana Lia Del lo gyia.,I came to see Aurelia at the market.,,RL,,2,X
Zhi chaa Bac chu yi ga.,Tomorrow I'm going to Tlac and back.,,RL,,2,X
Zhi gaab nisgyia.,I know it's going to rain.,,RL,,2,
Chiela gicy nia.,I'll come back w/my husband.,,RL,,2,
Rata zhi ria gwe:ng lo ximama.,"Everyday, he goes to visit his grandmather.",,RL,,2,
Lo gyia chiare:b.,They (formal) were going to the market.,,RL,,2,
Lo gyia chiae:ng.,They (informal) were going to the market.,,RL,,2,
Nian gyala re' nai.,Yesterday I walked here.,,RL,,2,X
Rata zhi riope:n re'.,We come here every day.,,RL,,2,
Rata cal Domyengw rioen Bac.,Every Sunday we go to Tlacolula.,,RLN1,,,
"Pasax, pasax a zoen mas a las onze.","?,? we go more at 11.",,RLN1,,,
Chiru choen logyia.,Then we go to the market.,,RLN1,,,
Chiru ric'.,Then here.,"Context: First we go to the market, then we come back.",RLN1,,,
"Nabwel ida wa gex, chi dawa gex, logyia.","? ? ? town, when ? town, to the market.",,RLN1,,,
Chiru chi locyen chi lo asy ziopen este.,Then when ? when ? ? coming home ?,,RLN1,,,
Chiopen logex lapen pasaje iken.,We come home to town ?  ticket ?,,RLN1,,,
Iken dresde.,?,,RLN1,,,
"Calob zhi, calob zhi ru Mies, ninai doen nina ruck.","? day, ? day to Mass, ? ? ? ?",,RLN1,,,
"Chiru nu gwel choen Mies zoen, nu gwel queity ?oen Mes.","Then sometimes we go to Mass, sometimes we don't go to Mass.",,RLN1,,,
As ua zhi bzen Brook cuan Carolyn cuan ra estudian bzenye:ng al airport xten Ldua ni rop.,Carolyn and Brook and the students arrived in the airport of Oaxaca.,,FLN,,,
Uas chicygwen Jwebe.,Thursday,,FLN,,,
Byobe:n Bac.,We went to Tlacolula.,,FLN,,,
Byoe:n CETIS 124 byo byoganen rane in scwel n Barselo ni brogram ni zednareng.,We went to CETIS for the program,,FLN,,,
As nidireng es chi gwen Byern chicygwen mirtel per naa quiety ni adya.,Friday,,FLN,,,
Biedna biedna Ldua tapas chigwen ni na sabada byoe:n ,I arrived in Oaxaca,,FLN,,,
Carolyn byen Ldua ten gucxon.,Carolyn stayed in Oaxaca because she was sick.,,FLN,,,
Gai es chicwen Domingw.,Sunday.,,FLN,,,
Gwere:ng logyia Bac.,Going to Tlacolula.,,FLN,,,
Radre:ng per tula Carolyn nian Lduaten gucxon gucgen zhi.,Carolyn stayed in Oaxaca because she was sick all day.,,FLN,,,
Rsil zere:ng NBac chiru gusire:ng ra shrab gusire:ng zienticosuc.,In the morning went to Tlacolula then shopping?,,FLN,,,
Bicyre:ng Ldua ua zhi.,Returned to Oaxaca that day.,,FLN,,,
Zee:ng tula.,going,,FLN,,,
As zicaza chi bye:ng Carolyn Lduaten gucxon.,Carolyn sick,,FLN,,,
As ricy byo byogabne ndra ra mni in scwel.,school,,FLN,,,
As mart ra gaz chicgwen zi caza byoschon Bac begehen lune.,monday; Tlacolula,,FLN,,,
As ga chicygwen Jueve a teu calibye:ng ric byene:n tula Casa Murguia.,Thursday stayed at Casa Murguia,,FLN,,,
Asu chicgwen Byern.,Friday,,FLN,,,
"Gwere:ng Monte Alban na queityadi at tula, tula bunia Carolyn la zhatna San Luc.","Students went to Monte Alban, but I didn't go, I brought Carolyn to my village San Lucas",,FLN,,,
Sabat steiby chicygwen.,Saturday ?,,FLN,,,
Gwereng Teotitlan uaxia.,They went to Teotitlan,,FLN,,,
Naa queity niadia chicy tula asna gwereng. ,I didn't go ? ? they went,,FLN,,,
"Juenes tyop a chi, tyopa chicygwen Domingw.",Sunday,,FLN,,,
Byon Ndua lareng gwereng tula Macuilxochitl tula gugucnareng ra buny na ric tula ba chile quare chiru gwe ixte.,Macuilxochitl,,FLN,,,
? es chicygwen loen gwere:ng Tlacochuhuaya o zun drohoh tula na-a queity niadyia tulan byan Ldua guganya rxistena.,"They went to Tlacochuhuaya, but I didn't",,FLN,,,
As chida chicygwen Mart.,Tuesday,,FLN,,,
"Ratan byen tula la crian Casa Murguia teu, teu calibyoe:n.",Stayed at Casa Murguia,,FLN,,,
Teo sacaliadran.,,,FLN,,,
As zeny es chicgwen Mercw.,Wednesday,,FLN,,,
Bunyia Carolyn tula telesecondaria xten laazhatna lari byon byosen ramni ingles.,Returned with Carolyn to the telesecondaria for English classes,,FLN,,,
Byon ndizhib tab prior bzhuon ricy chiru uazhi zeti.,,,FLN,,,
Jueve gwere:n Dianzu per queity adya tula bian Ndua.,"Thursday they went to Dianzu but I didn't go, I stayed in Oaxaca",,FLN,,,
As nazhi biyer re ?en dizh xteu cali byoen.,Today,,FLN,,,
Nyec nai uxtenen.,,,FLN,,,
As domie:ngw ta guz a bria zee:ng laxon tula estados unidos.,Sunday they are leaving for the US,,FLN,,,
Naa ryunya xjab.,I think,,Aurelia,,,
Naa nia,I talk,,AM,,,
Cawenia yu dizh,I'm talking with you.,,AM,,,
Rgwea dizhsa,We're speaking Zapotec.,,AM,,,
Cayunya xjab xigawa,I'm thinking about food.,,AM,,,
Cayunya xjab a steu yu,I'm thinking about you (formal).,,AM,,,
Rnalazu.,You remember.,,AM,,,
Juan rnalaz mes.,Juan remembers the teacher,,AM,,,
Cali chiu?,Where are you going?,,AM,,,
Gwaa logyia.,I'm going to the market,,AM,,,
Cali chien?,Where is she going?,,AM,,,
To choe:n logyia.,We're going to the market.,,AM,,,
To choe:n Bac.,We're going to Tlacolula.,,AM,,,
Nazhin choe:n logyia.,We will go to the market tonight.,,AM,,,
Maria gied nazhi.,Maria is going to come tonight.,,AM,,,
Zhi chaa Bac.,I'm going to Tlacolula tomorrow.,,AM,,,
Cali nu?,Where have you been?,,AM,,,
Ugania teiby ets.,I went to give a message,,AM,,,
Cad teiby zhi ryope:n.,We come every day.,,AM,,,
Gwaa ze nazhi.,I went to work today.,,AM,,,
Chaa ze Mart.,I went to work Tuesday.,,AM,,,
Gal rsily gunia ze.,I go to work in the morning.,,AM,,,
Cipriana ria schwel rata zhi.,Cipriana goes to school every day.,,AM,,,
Juan ria rata zhi liaza.,Juan comes to my house everyday.,,AM,,,
Juan queity rieddya ra zhi.,Juan doesn't come to my house everyday.,Juan no viene todos dias,AM,,,
Lae:ng gwe:n re.,She went there.,,AM,,,
Gweu Bac nai e?,Did you go to Tlacolula yesterday?,,AM,,,
"A, gwe.","Yes, I went.",,AM,,,
Queity gwadya.,"No, I didn't go.",,AM,,,
Lare:ng gwere:n logyia.,THey went to the market.,,AM,,,
Lare:ng chie:n logyia.,They are going to the market.,Ellos van,AM,,,
Byoe:n ido.,We went into the church.,,AM,,,
Queity bieddia bizana cuan naa.,My brother didn't come with me to Oaxaca.,,AM,,,
Xanu?,How are you?,,AM,,,
Gwenag,fine.,,AM,,,
xanu yuad?,How are you all?,,AM,,,
xanu yu?,how are you?,formal,AM,,,
Abizana gyied cuan naa liaz axstada.,My brother is going to come with me to my parents' house.,,AM,,,
Abizana gyiednia liaz axstada.,My brother is going to come with me to my parents' house.,,,,,
Nadizh giednia abizana liaz axstada.,My brother came with me to my parents' house.,,AM,,,
Bela,sister,,AM,,,
Bela na ban gual loa.,My sister is older than I am.,,AM,,,
Bichi,small/young,chiquito,AM,,,
Ro,big,grande,AM,,,
Ma ru broe:n ca liu.,I'm more tall than you,,AM,,,
Gelnia xipromito liaz axstadi vacion abredi.,I went with my fiance to his parent's house last vacation.,,AM,,,
Arbana,extranjo,,AM,,,
Gwaa con axnovia en estados unidos.,I went with my fiance to the US,,AM,,,
Zeu Bac e?,Are you going to Tlacolula?,,AM,,,
La so choe:n Bac?,Are you coming with us to Tlacolula?,"If we're going to Tlacolula, and we run into someone, you can use this to ask if they want/are coming with us",AM,,,
La zaa neu dano zhi?,Are you coming with us tomorrow?,,AM,,,
Abda,leaf,,AM,,,
Rnieu dizhsa e?,Do you speak Zapotec?,,AM,,,
Chia US zhi.,I'm going to the US tomorrow.,,AM,,,
Choe:n San Luc e zhi.,We're going to San Lucas ?,,AM,,,
,My brother came to Oaxaca with me.,,NM,,,
Zhi a zia yuu.,Tomorrow I'm going home,,NM,,,
Rata zhi rio:n yuu chi abrich schwel,Every day we go home after school,,NM,,,
Queity niady Lieb yuu nrsily.,Felipe didn't come to my house this morning,Context: it's still morning; good if I'm not at my house at the moment,NM,,,
Queity niady Lieb yuu ba rsily.,Felipe didn't come to my house this morning,Context: it's afternoon; ok if the speaker is not at home at UT,NM,,,
Queity niady Lieb yuu re.,Felipe didn't come to this house.,Context: only good if the speaker is at the house at UT,NM,,,
Queity niady Lieb liazu,Felipe didn't come to your house.,,NM,,,
Lae:ng na dizh chie:ng ricy per ni camyunye:ng pasach.,He was going to Mexico City but he missed his bus,,NM,,,
Queity Lieb chia,Felipe is not going to go.,,NM,,,
Stuxman a zia yuu.,I'm going home next week.,,NM,a,,
Stuxman a zaa ladi.,I'm going to the US.,"Comment: I guess if you use zaa, you're going for a long time and you don't know when you'll be back.",NM,a,,
Stuxman a zia liaza ladi.,I'm going home to the States.,,NM,a,,
A zia yu e?,Are you going home?,Context: you see someone in the street,NM,a,,
A ze yu e?,Are you going home?,Context: you see someone in the street and they're going to Tlacolula; you don't know what time they'll be back; 'are you leaving now?',NM,a,,
Nai biednae:ng liu yuu.,She brought you home (with her) yesterday.,,NM,,,
Navidad giednia ni mniny guxnaa yuu.,My fiance is coming home with me at Christmas.,Lit. At Christmas I am bringing the boy who I will marry ,NM,,,
Navidad giednia bizana yuu.,At Christmas I am bringing my brother home.,If a girl is speaking,NM,,,
A ziare:b yuu.,They (formal) are on their way home.,If you see two people,NM,,,
A ziare:ng yuu.,They (informal) are on their way home.,If you see two people,NM,,,
A zyon yuu.,We're going home.,If someone asks us where we're going; my brother and I are on way home,NM,,,
"Nai chi nua Bac, bied naa bizana ricy.","Yesterday, when I was at the market in Tlacolula, my brother came there.",Good even if the speaker is no longer in Tlac.,NM,,,
zic naa Maria ziedgwi bizanre:ng lo.,Maria said that her brother is coming to see her.,,NM,,,
Zic naa Maria ziedgwi bizan lore:ng.,Maria said that her brother is coming to see her.,Fine if Maria is in a different town than the speaker and addressee because the speaker is reporting what she said,NM,,,
Rcaza giedgwe bizana lo.,I want my brother to visit me.,,NM,,,
Maria rcaz giedgwi bizane:ng lo,Maria wants her brother to visit her.,,NM,,,
Rrlo Maria ziedgwi bizane:ng lo.,Maria thinks that her brother is coming to see her.,,NM,,,
Bizan Maria ziedgwi loe:ng.,Maria's brother is coming to visit her.,,NM,,,
A zia.,I'm leaving.,Context: I left the States in June.,NM,a,,
Ana rcetzla chi zia.,It was 10pm when I left.,,NM,,,
A mer bzenyon ric.,We'll arrive there soon.,,NM,a,,
A beu Ndua e?,Have you been to Oaxaca before?,,NM,a,,
Zhi zenyu ladre tien giedgwiu loa.,Tomorrow you're coming to San Lucas to see me.,"Speaker in San Lucas, addressee in LA",NM,,,
Zhi giedgwi Lieb loa.,Felipe is coming to see me tomorrow.,"Speaker in San Lucas, addressee in LA; Felipe can be coming from anywhere",NM,,,
Zhi zen Lieb giedgwi loa.,Felipe is coming to see me tomorrow.,"Speaker in San Lucas, addressee in LA; Felipe coming from States (because ""it takes longer to arrive"")",NM,,,
Rcaza giedgwi Lieb loa zhi.,I want Felipe to come visit me tomorrow,Speaker in Tlacolula; addressee in San Luc; Felipe in San Luc,NM,,,
Rcaza gied Lieb giedgwi loa.,I want Felipe to come visit me tomorrow,Speaker in Tlacolula; addressee in San Luc; Felipe in San Luc,NM,,,
Zec na Lieb ziede:ng Bac giedgwie:ng loa.,Felipe said that he is coming to see me.,Speaker in Tlacolula; addressee in San Luc; Felipe in San Luc,NM,,,
A ze Lieb Bac chi bde nisgyia,"When the rain stopped, Felipe had already left ",,NM,a,,
A bze Maria Bac chi bzen chiele:ng yuu.,"By the time her husband arrived home, Maria had already left for Tlacolula.",,NM,a,,
Abxen a bzenye:ng yuu nuchi.,He arrived home late last night.,,NM,,,
Abxen zie:ng yuu nuchi.,He left for home late last night.,,NM,,,
Bizana gwenea Ndua.,I went to Oaxaca w/my brother,Neither in Oaxaca now,NM,,,
A rrlo Lieb zegwi Maria lo.,Felipe thinks Maria is coming to see him.,Speaker and addressee in San Luc; Maria and Felipe in the States but different cities,NM,a,,
Maria zesi guet xtil.,Maria is on her way to buy bread.,,NM,,,
Na dizh ze Maria Bac zesi guet xtil per guc chien pasac.,Maria was on her way to buy bread when the bus broke down.,,NM,,,
"Na dizh zaa ecudiaga music, per nitia.","I was on my way to listen to music, but I got lost.",,NM,,,
"Na dizh zaa ecudiaga music, per bunitia.","I was on my way to listen to music, but I got lost.",,NM,,,
"Rata zhi, ryopcan gyia re'.",Every day we come and get flowers.,,NM,,,
"Rata zhi, ryoptian gyia re'.",Every day we come and gather flowers.,,NM,,,
Nai byopgyae:n.,Yesterday we came and danced.,,NM,,,
Gugwia lo Lieb.,I went to visit Felipe.,"On the way back from visiting him, when met in street. But consultant said this is ""I went to visit Felipe""; a good answer to Cali gweu?",NM,,,
Byotian gyia.,We went to gather flowers.,,NM,,,
A so cheugwie:n lo Lieb e?,Are you (informal) coming to visit Felipe with us?,"If we get up to leave to visit Felipe, this is how we would ask another person if they are coming.",NM,a,,
Ziedne:eng lad e?,Is he/she coming with you?,If we are asking a couple friends if they are bringing a third person to visit us.,NM,,,
Lasa yu cheugwie:n lo Lieb e?,Are you (formal) coming to visit Felipe with us?,,NM,,,
"Nai nia liu, zia nisgyia, per queity ni yadia.","Yesterday I told you that it would rain, but I didn't guess right.",,NM,,,
Queity gandy:en laa zia nisgyia nazhi.,We don't know whether it will rain today.,,NM,,,
"Lieb naa a zia bzen nisgyia, per queity nizenye:ng.","Felipe said it will rain today, but it won't.",,NM,a,,
"Na dizh ziedgwi:eng lo Maria, per guc chien nax car:eng.","He was coming to visit her, but his car broke down.","Good if he was on the way to see her, or if his car never started so he didn't even start",NM,,,
"Na dizh ziedgwi:eng lo Maria, per abzhi nix car:eng.","He was coming to visit her, but his car broke down.","Good if he was on the way to see her, or if his car never started so he didn't even start",NM,,,
Na dizh ziedgwi:eng lo lae:ng per nyec nubi nix car:eng.,He was coming to visit her but his car wouldn't start.,,NM,,,
A ze Jwany ladi.,Juan went to the US (permanently),,NM,a,,
A ze Jwany ladi.,Juan went to the US (for a short trip),,NM,a,,
A biya cro ze Jwany ladi.,Juan went to the US a long time ago.,Context: You're saying that it's been a long time since he left.,NM,a,,
Ze zedya,"I haven't seen her, she hasn't come back.","If you came to see me, and you said you would come back, but you never did, I would say:",NM,,,
Gwe Jwany ladi per a bicye:ng.,Juan went to the US (but he's back),,NM,a,,
Gwe Jwany ldi per bicytage:ng.,Juan went to the US (but he came back right away),,NM,,,
Du zhiz biela.,I only came for a few days,Listener is in the same place as addressee; talking about the location where they are currently,NM,,,
Du zhiz gwaa.,I only went for a few days,Listener is in the same place as addressee; talking about a different location than where they are.,NM,,,
Du zhiz chaa.,I'm only going for a little bit.,Speaker is talking about visiting addressee.,NM,,,
Du zhiz biela.,I only came for a few days,Good if addressee is in San Luc but speaker is in US.,NM,,,
Giedneu beliu ldien.,Her sister is going to come to the store with her. (Su hermana va a venir con ella al tienda),,PLC1,,,
A nisgyia a zied.,The rain is arriving.,,PLC1,aa,,
"Maria runy xicab queitydi naa (?) nisgyia, per ai runy.","Maria thinks it won't rain, but it will.",,PLC1,,,
Cheiby blez a nisgyia ni bzeny(eng?) lo gex.,"When the rain stopped, he had already arrived in SL.",,PLC1,a,,
Chi bzenya yuu a Maria a zia liazni.,"When I arrived at my house, Maria had already gone home.",,PLC1,aa,,
Asna herangna queity a bzenyeng liaze:ng.,"By the time she got your message, she had already arrived at her house.","For instance, if you sent me a message saying, Don't come to my house, but I didn't get it until I had left",PLC1,a,,
Maria queity bieddieng liaza.,Maria didn't come to my house this morning.,If we're talking in my house,PLC1,,,
Maria queity gwedieng latna dizh.,Maria didn't come to my house.,If we're talking somewhere besides my house,PLC1,,,
Brook a queity bzen liaza rsily.,Brook didn't arrive at your house this morning.,,PLC1,,,
Queity bieddy Brook liaza anzhi,Brook didn't come to your house this morning,"Possible if we're not talking at home; sentence was given by linguist, not elicited",PLC1,,,
A zee liu du liaza con bizana con naa?,Are you coming home with my brother and I?,"if my brother and I are walking and we see you, and ask if you are coming to our parents' house with us",PLC1,a,,
 A rae:ng a ze nisyu(?) liazne:ng,They are on their way home.,,PLC1,aa,,
Lae:ng biedne liu liazni nai.,She brought you home with her yesterday.,,PLC1,,,
Maria a ze Bac ba rsily chi axte abxi gyicyeng.,Brook went to Tlacolula this morning and is coming back tonight.,,PLC1,a,,
"Zaa Bac nazhi, per abzhuzhir camione.","I was going to Tlacolua, but my car broke down.",,PLC1,,,
"Ae:ng ze:eng Mejic, per lae:ng nu ric.","He went to Mexico City, and he's still there.",,PLC1,,,
"Gwe:ng Mejic, per nahae:ng Ldua.","He went to Mexico City, but he's back.",,PLC1,,,
Naa ziedgia (?) cuan Lieb. ,I'm going to visit Felipe.,,PLC1,,,
Desda bze:ng guge:ng xumigw. (?),He's on his way back from visiting a friend.,,PLC1,,,
Desda  bzaa budyoe:n gyia.,We went to pick flowers/ We're on our way from picking flowers,,PLC1,,,
Ae:ng ziedzaa guge:ng xumigw.,He's on his way back from visiting a friend.,Same meaning as other example,PLC1,,,
Budyoe:n gyia.,We went to pick flowers,,PLC1,,,
A zo choen lo Lieb ?,Are you coming with us to visit Felipe?,,PLC1,a,,
Daru giela gex xten San Lucas.,Carolyn: later I'm coming to San Lucas.,Carolyn in Oaxaca; Paty in San Lucas.,PLC1,,,
Daru giela Ndua.,Paty: Later I'm coming to Oaxaca.,Carolyn in Oaxaca; Paty in San Lucas.,PLC1,,,
Rcaza giedu Ndua giedg(?)ugwa naa,Carolyn: I want you to come to Oaxaca and visit me.,Carolyn in Oaxaca; Paty in San Lucas.,PLC1,,,
Rcaza giedu San Luc giedu gwanaa.,Paty: I want you to come to San Lucas and visit me.,Carolyn in Oaxaca; Paty in San Lucas.,PLC1,,,
Rrilaza abzen nisgyia xman re.,I liked that it rained last week.,,PLC1,,,
Nai rsilaza rzen nisgyia.,Yesterday I thought it would rain.,,PLC1,,,
Uxman a bzenya.,I arrived a week ago.,,PLC1,a,,
Lae:ng naru cazenye:ng ric.,He's arriving there (at this moment).,,PLC1,,,
Ricyeroe:n San Luc ? a ?nisgyia.,We had to return to San Lucas because it started raining.,,PLC1,a,,
To gicye:n Ndua.,We returned to Oaxaca.,,PLC2,,,
Juan rata zhi ricye:ng ric.,Juan returns there every day.,,PLC2,,,
A bzenya.,I arrived.,,PLC2,,,
Hasta zhi a zenye:ng ric.,He arrives there tomorrow.,,PLC2,,,
 Gied(?) naa yuu queitydi a nisgyia yahab.,You (formal) said that it wouldn't rain.,,PLC2,,,
Abzhi yahab nisgyia.,It will rain later today.,,PLC2,,,
Oc queitydi yahab nisygia.,We hope it won't rain.,,PLC2,,,
Lieb rsilaz cheugwe xuprieme:ng lae:ng.,Felipe thinks his cousin is coming to see him.,We're in the park; Felipe and his cousin are elsewhere,PLC2,,,
Bhetse:ng Lieb cazeny a gwiele:ng.,Felipe's brother is on the way to see him,We're in the park; Felipe and his cousin are elsewhere,PLC2,,,
Lieb rnane:ng cheuwe xuprieme:ng lae:ng.,Felipe knows his cousin is coming to see him.,We're in the park; Felipe and his cousin are elsewhere,PLC2,,,
Lieb rnane:ng xuprieme:ng lae:ng ze.(?),Felipe knows his cousin is on the way to see him.,We're in the park; Felipe and his cousin are elsewhere,PLC2,,,
Jwany naa gex xuprieme:ng a zied lae:ng.,Juan said that his cousin is coming to see him.,If we're with Juan.,PLC2,,,
*Jwany naa gex xuprieme:ng a zied lae:ng.,Juan said that his cousin is coming to see him.,If we're not with Juan.,PLC2,,,
Jwany naa gex xuprieme:ng a ze lae:ng.,Juan said that his cousin is coming to see him.,If we're not with Juan.,PLC2,,,
Lieb rcaz gied betse:ng giedgilae:ng.,Felipe wants his brother to come see him.,If we're with Felipe.,PLC2,,,
Lieb riuclaze:ng cheugwe betse:ng lae:ng.,Felipe would like his brother to come see him.,If we're not with Felipe.,PLC2,,,
Brook cheugwe lo Lieb.,Brook is going to visit Felipe.,,PLC2,,,
Brook cheugwe cuan Lieb.,Brook is going to visit Felipe.,,PLC2,,,
Brook nisyu cheugwe lo Lieb.,Brook is on her way to visit Felipe.,,PLC2,,,
Naa lo Brook rsily chi a ze:ng zacan guet xtil.,"When I saw Brook this morning, she was going to buy bread.","This morning, I was going to see Brook, but she was going to buy bread.",PLC2,,,
Giesta gyala axchi liazu.,I'm going to come for dinner at your house.,,PLC2,,,
Rcaza gyala liazu.,I want to come to your house.,Can only use gied if you are the host,PLC2,,,
Rcaza giedu liaza.,I want you to come to my house.,,PLC2,,,
Ziedu liaza e?,Were you coming to my house?,,PLC2,,,
Rata zhi ried Lia Petra rietyug gyia.,Every day Lia Petra comes to cut flowers.,,PLC2,,,
Lia Petr biedzie:ng bietyug gyia.,Petra came to cut flowers.,,PLC2,,,
Chita!,something said to dog,,PLC2,,,
Lieb a ze Ndua cuan Mara.,Felipe went to Oaxaca with Maria.,,PLC3,,,
Maria a ze Ndua cuan xuprima.,Maria went to Oaxaca with her cousin.,,PLC3,,,
Zaa Ndua cuan xuprimo.,I went to Oaxaca with my cousin.,,PLC3,,,
A zaa chaa Ndua.,I'm going to go to Oaxaca with my cousin.,,PLC3,,,
Naa cuan abziana alua nisyuu para yuu.,My brother and I are going home (on the way).,,PLC3,,,
Naa cuan abziana a zyoen,My brother and I are going home.,,PLC3,,,
Chaa mandad!,I'm going on an errand,,PLC3,,,
Giednia bizana yuu naa Navidad.,I'm going to bring my brother home for Christmas.,If the speaker is female; it's ok to say even if I'm not at the home when I say it,PLC3,,,
Giednia betsna yuu naa Navidad.,I'm going to bring my brother home for Christmas.,If the speaker is male; it's ok even if I'm not at home,PLC3,,,
A zyoen tagon chire lo scwel.,We're going home after school.,,PLC3,,,
Nadizh gawan guet per queitydia zhchiu,He was going to eat but there wasn't any food.,,PLC3,,,
Nadizh a quina per cadia zhchiu.,He was going to eat but there wasn't any food.,,PLC3,,,
Ze:ng lae:ng lare:ng chiguan xnane:ng.,Is he going with them to visit their mother?,,PLC3,,,
Nelae:ng ziede:ng ziedbye:ng xanu nare?,Is he coming with them to visit us?,,PLC3,,,
Chitazaa.,Swim,,PLC3,,,
Rata zhi gied lure'.,He must come here everyday.,,PLC3,,,
Chitaze:ng.,We're going swimming.,,PLC3,,,
A gwe yu Bac teiby?,Have you been to Tlacolula?,,PLC3,,,
"Nyec, teiby a chaa ricy.","No, I've never ben there.",,PLC3,,,
"Nyec teiby giela re, da parla ziala.","No, I've never been here before.",,PLC3,,,
Stuxzhiz zhi lia(?) chaa Bac.,In a few days I'm going to Tlacolula.,,PLC3,,,
Zuu zhi re' e?,Will you be here tomorrow?,,PLC3,,,
stuxzhiz,a little,,PLC3,,,
Naa Lia Len Riulaze:ng becw.,"Elena said ""I like dogs""",,PLC3,,,
Naa Lia Len riulaze:ng becw.,Elena said that she likes dogs.,,PLC3,,,
Juan rcaze:ng gyiede:ng Ndua.,Juan wants to come to Oaxaca.,,PLC3,,,
Giala chitubya.,I come and cut flowers.,,PLC3,,,
Bzenya chucaya.,I came and danced.,,PLC3,,,
"Gicya ladi cheu gyala, chigelo chi chaa beu.",I'm going to the US and back at the end of the month.,,PLC3,,,
Nana Lieb cheugwe bzana loe:ng.,Felipe knows his brother is coming to see him.,,PLC3,,,
Niex caliu bzen nisgyia.,I told you it was going to rain today.,,PLC3,,,
Queity cantioe:n laa zia nisgyia nazhi.,We don't know if it will rain today.,,PLC3,,,